request_id,conversation_id,send_time,ttft_time,total_time,tokens_in,tokens_out,ttft,tpot,cached_tokens
e9cf803f-4a36-4541-9185-33be63e55dec,644cb1fb-cc3d-43bc-92ef-f77999e00821,23202947.86394644,23202948.36639531,23202963.52536283,2165,200,0.5024488680064678,15.158967521041632,0
494520c7-4d02-4dd8-b329-c51303c28b85,9489c288-5cf7-4c43-a2bd-dd39209d9b08,23202948.22046972,23202948.36687478,23202963.525532234,399,200,0.14640505984425545,15.15865745395422,0
a732941c-e49b-47a4-8198-34c9d570b347,e3ae1119-adc0-4ef4-b228-e6989d9c68a0,23202948.053471666,23202948.74845792,23202963.655838855,3614,200,0.6949862539768219,14.907380934804678,0
a1dd7803-dffc-4bbf-95bb-c6f270ac7005,5bd96e3a-8454-4b98-813f-755fb3dcfdcf,23202948.388114285,23202948.869535845,23202963.67790176,2265,200,0.481421560049057,14.808365914970636,0
5cea29ff-c9e1-4b13-ad33-14f7020cc472,fa98dc1f-cd04-4d75-b05a-a211597befde,23202948.722997274,23202949.235075254,23202963.777166795,1915,200,0.5120779797434807,14.54209154099226,0
3f99fb35-3bf4-43bc-9291-5a63827169ec,f4412ccd-6e32-48f8-a0e6-7639c8594047,23202948.555446588,23202949.962115668,23202963.96679017,5574,200,1.4066690802574158,14.00467450171709,0
98117a7a-a82b-471a-8efe-6a553602bb37,8edd6b0a-7347-4fe5-9570-70f9183aeedc,23202948.88989297,23202950.36800855,23202964.0922176,6016,200,1.4781155809760094,13.724209051579237,0
40bf4e3c-f907-4afa-af77-aefe955b7f7f,63f44bac-23bb-4847-8d14-e2fab1d60e53,23202949.391120777,23202950.67211607,23202964.179615527,1093,200,1.2809952944517136,13.50749945640564,0
5fa69fe9-9f09-4c2e-b1cf-fa75dcd3d472,76352ea7-9dbe-4d2c-8554-c79374c55682,23202949.056989156,23202950.774718747,23202964.25857641,6027,200,1.717729590833187,13.483857665210962,0
03bf2346-cd90-40e1-aa31-588453e059ef,ff4163a1-2b1a-4601-9e5a-5c262818fd3f,23202949.725797396,23202951.086864218,23202964.51685245,1370,200,1.361066821962595,13.429988231509924,0
b657fa90-7a1d-451b-bb40-3aba13fbc3a7,a10c1837-857f-43db-857a-86b48ad15e7c,23202949.558793925,23202951.089396413,23202964.520566043,1519,200,1.5306024886667728,13.431169629096985,0
2d4b8ee9-ac87-4171-8426-3edd893a1407,0e8df4c5-2761-49d9-9f40-9eea1fc84178,23202949.224081043,23202951.50579974,23202964.87261615,5916,200,2.281718697398901,13.366816408932209,0
ddab7e28-5526-4157-8d42-e3bc5c852c7b,67a2933a-8cf6-43f8-ab64-16f8595f6fbc,23202949.89279483,23202952.258774076,23202965.493309803,5723,200,2.3659792467951775,13.234535727649927,0
9eab0866-1ab6-4490-b1d2-25b20c84a13c,803e630b-3788-4e8b-891b-5205e566f729,23202950.05981344,23202952.469973236,23202965.674299095,5671,200,2.410159796476364,13.20432585850358,0
713bf886-be41-450f-a97a-932a2e4f0597,a5f77c14-150b-4393-91c6-da973d342bb8,23202950.227057245,23202953.287000354,23202966.380631544,5961,200,3.0599431097507477,13.093631189316511,0
9123819b-d616-42a3-ad76-ef559b83ba71,951f4e64-5999-4db3-8a61-e59eb6cb957e,23202950.56156577,23202953.53562058,23202966.649831247,4961,200,2.9740548096597195,13.114210665225983,0
6b7a1108-cb7d-4a42-b012-ad3555c0dd85,20757e26-944b-486a-a3e2-bf0764f205b4,23202950.393864777,23202954.031583253,23202967.1744569,5745,200,3.637718476355076,13.142873648554087,0
10cdb70d-afc9-4160-8926-09f540e69c9f,5f73c0f4-315e-4bad-b88a-f16007e3f6ca,23202950.895897787,23202954.112057924,23202967.26440033,786,200,3.216160137206316,13.152342405170202,0
45c82828-ee07-4c96-8a47-bdd3e70070c3,c5ab079c-3d1d-49ec-b65d-cb984eecf054,23202950.728562925,23202954.440412384,23202967.607693784,5654,200,3.711849458515644,13.167281400412321,0
7d8fd088-8e52-49bd-b0b7-90df65146dd0,2cd27b11-fd4e-428f-a4c4-39e02ba33139,23202951.231326926,23202954.851917535,23202968.046860293,2956,200,3.6205906085669994,13.194942757487297,0
d2b62f1c-fa33-4bc5-a204-f11038023285,2017a70b-8e59-41a0-ba30-9359e7ec71a6,23202951.06416887,23202955.02235479,23202968.22820991,5727,200,3.9581859186291695,13.205855119973421,0
e01fcf43-50e4-4f6a-a4c0-e6b1c2ecb5e1,c352cf7f-85ab-4b32-bfed-91471d36e7cf,23202951.400136184,23202955.18192983,23202968.40403425,2050,200,3.7817936465144157,13.222104419022799,0
58d386e1-0502-499a-80cd-d4d0fc049375,7721e9ae-bdcc-4395-8c82-bc6284a05365,23202951.73541145,23202955.684815757,23202968.906513955,3551,200,3.9494043067097664,13.221698198467493,0
2f7e2097-463e-422f-8cdb-a779a42a656c,d04330e3-906c-452c-8f2d-98c6c727140c,23202951.567732517,23202955.939604405,23202969.15387874,5749,200,4.371871888637543,13.21427433565259,0
14169754-3cfe-402f-b3dd-7f66efa91e42,17fe47ce-c7d7-49e4-b23c-306f189b260e,23202951.902561925,23202956.631442748,23202969.72713249,5624,200,4.728880822658539,13.095689743757248,0
50a8e543-17a6-400e-88f6-0d3d1172468c,0f5c3543-eede-476d-a33b-ba13469b6a4d,23202952.069640435,23202956.98045131,23202970.036439028,5926,200,4.910810872912407,13.05598771944642,0
cbf77ab4-00b2-4670-afe1-9cf4e697fe03,9b0bfc75-559a-4bf2-a770-d448b78268dd,23202952.404396903,23202957.234687444,23202970.300396115,1562,200,4.830290541052818,13.065708670765162,0
3d74d50a-dd17-4ef8-b2b3-38d5bf00a8d6,eec6d7c7-8e3b-4f3a-a44f-d38b475258b5,23202952.23685404,23202957.58510372,23202970.666002706,5700,200,5.348249681293964,13.080898985266685,0
04a3457b-6700-42a3-b273-ae8cd1ded232,589fc3df-4cd6-4847-a0a8-e4ac57c0a9c0,23202952.5733089,23202957.930068962,23202971.028033514,4313,200,5.356760062277317,13.09796455129981,0
74aa4c1c-804e-49af-b92d-6c5f5a4bfc56,645dfa14-5264-4af9-8a88-066b6ebb5e29,23202952.740491167,23202958.546418544,23202971.65308036,5785,200,5.805927377194166,13.106661815196276,0
39bf3fc9-038b-410b-88c3-2b0a269e8322,9267c030-ddd1-40fc-959b-8a15c669ef81,23202952.908830177,23202958.808855053,23202971.923416615,5162,200,5.900024875998497,13.114561561495066,0
d7bd71ff-1d54-444b-b5bc-ef8408bc92bc,c0c9b632-ad90-4866-8173-8265aef6ba26,23202953.24341161,23202958.98038737,23202972.102591466,1145,200,5.736975759267807,13.122204095125198,0
0922bb7a-d24e-4fb7-b6d0-649770affdad,5a2d4c3e-612a-4b7b-b30d-27792e6e44ee,23202953.410914578,23202959.067843664,23202972.186600752,651,200,5.656929086893797,13.118757087737322,0
c52eb801-cf2b-4183-9bf4-5f06da0b9dd1,84ad6e1c-1d0e-416f-9f23-50ae8b54fc28,23202953.57786489,23202959.436200913,23202972.533287782,2329,200,5.85833602398634,13.097086869180202,0
4e7b0a4a-e007-4460-a9cb-2f6651e1d402,68844e62-a2a6-4311-80ee-24ce2e9249e4,23202953.076152533,23202959.620400213,23202972.713728603,5804,200,6.544247679412365,13.093328390270472,0
226e01b4-e6ac-4418-8787-a61c4932279b,66b760c1-3323-4537-8a16-0a7b3cb9b39f,23202953.912574638,23202959.89596988,23202972.96826426,1649,200,5.983395241200924,13.072294380515814,0
1f502577-a901-44ad-a4fe-2eaee80ef4d2,6e3fc774-199c-49a9-a5e9-8a2b369a5dad,23202953.745055456,23202960.566393983,23202973.575967688,5845,200,6.821338526904583,13.009573705494404,0
d913b2c7-6c7b-492d-a1a0-8c3483f37c04,57f8baea-47ba-4196-a815-7f3c31525dd4,23202954.247185595,23202960.856533334,23202973.83770599,1389,200,6.609347738325596,12.981172654777765,0
d67ee329-7fa5-490e-8dc8-d8f11eafda12,bbe563fd-7a1f-422d-96a9-757837a67fd8,23202954.07978693,23202961.153008994,23202974.10717023,5899,200,7.073222063481808,12.954161237925291,0
c3fa121d-1d39-418c-bf78-0f4f8c942ad2,8919e4fa-7314-46a6-be5e-a952e7338cad,23202954.41442719,23202964.78728951,23202977.294934463,5290,200,10.372862320393324,12.507644951343536,0
d31349d8-5821-434e-9854-c3bfdea116aa,f2aa585b-6246-46f2-b31a-6d07b4fc96b8,23202954.581900135,23202964.789622746,23202977.295192137,2823,200,10.20772261172533,12.505569390952587,0
7eba6395-5bbc-4020-a9f7-94ebfccbe92d,839acb9e-9a6f-486f-8e38-087690f5b961,23202954.7493449,23202965.406833526,23202977.8545133,4160,200,10.657488625496626,12.44767977297306,0
6e239158-dab2-4c53-9de5-c322f0825a76,1ae9d879-09cf-4852-ad96-1e4cb484bbeb,23202954.916708656,23202965.760141876,23202978.20492133,5544,200,10.84343321993947,12.444779455661774,0
84054d2b-2478-4b54-b46d-d36c3f3a9887,815aea6f-4bd5-4bbf-ad77-c94fdf8f8a9f,23202955.251462415,23202966.375087414,23202978.803954694,3735,200,11.123624999076128,12.428867280483246,0
a6facbab-88c6-420e-a7f2-88eeb3a1b341,beb0ef83-9fd8-44e7-a8af-5b5aced8126b,23202955.084236376,23202966.47262408,23202978.89407343,5954,200,11.388387702405453,12.421449352055788,0
dc2e5dc3-4c94-491b-a71a-fb27ab927ff8,9b538d53-5176-446b-9e4d-1226756ca7cc,23202955.58587142,23202966.73411882,23202979.15071483,1353,200,11.14824739843607,12.41659601032734,0
c9a8d88f-5bdc-4985-9e1e-51b66c090a4f,998f9178-ebc1-4c1a-9563-ccd82d51323b,23202955.41850618,23202967.352662474,23202979.670355886,5783,200,11.9341562949121,12.317693412303925,0
7ee2f090-26ec-4313-be96-35418f723040,dc1c701b-85c5-4ede-aa47-47ae512f6005,23202955.752742108,23202967.44011295,23202979.75312647,4207,200,11.687370840460062,12.313013520091772,0
8d074eec-75b6-4f9a-ad8b-65b4042a74a8,83226ae8-b92a-4a5b-8c6d-ffee87b3d9a3,23202955.920156527,23202967.959089328,23202980.262852773,4010,200,12.038932800292969,12.303763445466757,0
b2821e43-aabe-4f97-92c4-1ea2b8951276,5d030400-34e4-45b6-a136-e381743232fe,23202956.254985806,23202968.4024662,23202980.716794107,2315,200,12.147480394691229,12.314327906817198,0
a9baecb0-2469-4ef3-aeac-450c98786947,8d935dc0-4993-4b70-9272-3951b33a69af,23202956.08769327,23202968.48600737,23202980.807750747,5916,200,12.398314099758863,12.321743376553059,0
e8bac927-db7d-4ff8-b2e8-8c7b6adbd037,0fdc46f6-65b6-4d97-8b24-946257c9130f,23202956.421865735,23202968.74325916,23202981.0672682,2352,200,12.321393426507711,12.324009038507938,0
0f36ed1f-ca96-4b8b-a1c7-97d9ea4160b6,9fde1bcc-8cbe-4edb-902b-5eebadbf738a,23202956.589096755,23202968.82561069,23202981.151435476,2443,200,12.236513935029507,12.325824785977602,0
456418e2-b8c3-4823-9719-8af665a3b723,d315f85a-bb09-4ba7-8cfc-505fb7b9e305,23202956.924743906,23202969.15150173,23202981.495584,1342,200,12.226757824420929,12.34408226981759,0
4f432929-0e1b-4fcf-8bb5-03f0335b6a61,93681c09-c541-4fa7-9e43-3dea3dc7c259,23202956.75687385,23202969.152549982,23202981.495829895,2857,200,12.395676132291555,12.343279913067818,0
5c0056c2-9719-4c6e-876d-124bf1f6ef7a,2e504e83-17c8-4dac-9327-20eeb525b635,23202957.092085887,23202969.69951354,23202982.106074356,3807,200,12.607427652925253,12.406560815870762,0
9afd9484-a687-4b59-a82f-b90c475ac78e,7d222c5c-0b76-45b8-8467-965477479192,23202957.259220324,23202970.75480909,23202983.19687185,6177,200,13.495588764548302,12.442062761634588,0
7fb0ba22-cfba-4bde-8205-dcd8faa452fb,c60dbecf-cbda-4f77-8282-b309ad295274,23202957.426574115,23202971.121725187,23202983.541320648,6016,200,13.695151071995497,12.419595461338758,0
86a4659b-c0ae-4331-a803-a9e90413979e,76cd277f-0946-49d8-9926-6e23cffcd2b7,23202957.594042365,23202971.83320133,23202984.266199235,6068,200,14.23915896564722,12.432997904717922,0
8eb6cad5-8230-4244-9e77-f069af1e8ba1,809b6c69-1c30-4493-ba75-f9d4c5529f73,23202957.761422157,23202972.09823013,23202984.525195986,5579,200,14.33680797368288,12.426965855062008,0
386f6b89-68d8-4b68-b382-75c0a2cddb78,6a2e6410-3f2c-4fc9-9570-64e750b090dc,23202957.930173885,23202972.100586947,23202984.525216747,1632,200,14.170413061976433,12.424629800021648,0
643546bc-0cb7-4a3b-8e3c-3b574102baf7,283a24df-41d0-4705-a4b4-f234dadd1939,23202958.10140884,23202972.1012094,23202984.5254885,486,200,13.999800559133291,12.424279101192951,0
28391267-07fe-4b8c-9ef2-c818cf1caa5d,3582e50f-7533-4ac5-b96b-5325bb9a6e8a,23202958.435964745,23202972.530959282,23202984.965733588,2261,200,14.09499453753233,12.434774305671453,0
2bdfd01d-934d-4297-bc94-cd80ef635aad,48022e33-16bd-40a1-8eec-ed0cf1d5496f,23202958.603793874,23202972.60921165,23202985.047930352,949,200,14.00541777536273,12.43871870264411,0
7a1a114b-366a-488a-8a15-1632414ae9ea,9e2ad335-8076-4085-a62a-cb84ec61bb0b,23202958.77103258,23202972.966455303,23202985.391234033,2349,200,14.195422723889351,12.4247787296772,0
057d152b-8c24-457e-afa9-3d8767d9b683,08c905e0-8d76-4b7f-b017-5bb519d3c3a6,23202958.26831449,23202973.138831977,23202985.56443373,5979,200,14.870517488569021,12.42560175433755,0
ca1b1789-f765-4517-be58-3d2bd5df59d3,6b607c79-6edf-49a8-8e9e-56457cc5685c,23202959.105495825,23202973.49370737,23202985.917428743,2219,200,14.38821154460311,12.423721373081207,0
9a3e4147-e429-47f2-a884-8249b1aa01ab,24f96dee-7813-46ea-a42f-556d6f70cc17,23202958.937892612,23202974.014411718,23202986.429679077,5879,200,15.07651910558343,12.41526735946536,0
b495de40-6e1f-4b77-a94c-3dd354e5d941,9e436fdc-037e-4496-8905-0df39579b444,23202959.439417712,23202974.10155975,23202986.51266903,952,200,14.662142038345337,12.411109279841185,0
a76be9a1-2c0e-4fe3-b189-f22253cf0d6b,6175eab7-bb9d-4369-ab09-205e02e0857d,23202959.27256265,23202974.183694657,23202986.601774745,3154,200,14.911132007837296,12.41808008775115,0
40d9692e-edb7-4f3d-ae8e-a0bb29646278,695b7888-9ecb-42ce-af41-fb0ea87faeab,23202959.606659688,23202974.95606698,23202987.486715302,5820,200,15.34940729290247,12.530648320913315,0
4444aec3-1513-4766-b831-577b5933b3ef,133ad2bc-1a50-4964-bffb-5f309cf5ac5a,23202959.941567272,23202977.619635545,23202990.569160957,1815,200,17.67806827276945,12.949525412172079,0
1a42030f-2f54-49b4-bdb2-39957b4c961e,384a87f8-6972-4c87-be5d-9564d447496b,23202959.773840304,23202978.28744283,23202991.18320186,5768,200,18.513602524995804,12.895759031176567,0
90767c43-d68d-457c-88a6-614de45a9af0,c7091fe3-0a2b-421a-ac84-aac83f276209,23202960.276516724,23202978.728627156,23202991.58945358,2740,200,18.452110432088375,12.860826425254345,0
b5555b1a-cfde-41fd-8cb0-e1a29c54b6be,24121487-3e3b-4791-9ff3-d923f7e99b98,23202960.10916841,23202979.063063197,23202991.941032857,6714,200,18.953894786536694,12.877969659864902,0
be443c95-f40b-4fe7-9d14-2c7d07e759e3,c861255c-6504-4245-9f2c-9d2797150454,23202960.44458844,23202979.244779438,23202992.121653102,2062,200,18.80019099637866,12.876873664557934,0
c32958f7-8277-40d0-b640-1e5990b21c9f,0339c0d2-f209-48bf-bfed-c287df398128,23202960.612263802,23202979.24780916,23202992.122029766,1355,200,18.63554535806179,12.874220605939627,0
cad2251a-3d76-45db-843d-2c76205cb95a,b0f5b969-1635-4c5f-92d5-16d61c0a3bb9,23202960.779474188,23202979.66898768,23202992.65127787,3364,200,18.88951349258423,12.98229018971324,0
aad0a626-0274-4694-a5f8-d90f82a0e277,5f5bd03a-9c21-4a26-b468-fbb9e3bac7fa,23202960.947145402,23202980.71044883,23202993.69322154,5885,200,19.76330342888832,12.982772707939148,0
db045e83-f7a3-4447-a878-67e1497b19cf,54403f34-eff8-4527-baef-8a45eaad8b37,23202961.114017308,23202980.897800215,23202993.86447546,6492,200,19.78378290683031,12.966675244271755,0
f2e949f5-be5c-4fe8-a804-e8a5fe9578bf,4c498a2e-5548-4b24-a519-32ad7a5944a7,23202961.28168588,23202981.065978825,23202994.03772248,2200,200,19.784292943775654,12.971743654459715,0
5136819b-bb3f-4b63-b2f0-6bb59efd65fc,c104c7b0-7a10-48fd-8621-bb772459548d,23202961.449440584,23202981.32215108,23202994.3105255,2219,200,19.87271049618721,12.988374419510365,0
53871a1a-3098-4ae1-b449-a1e1f6ae535d,b8b128c2-6f71-46c4-96da-d2cb29842764,23202961.616470072,23202981.84231688,23202994.847233173,4920,200,20.22584680840373,13.004916291683912,0
12a03757-c1a7-4857-ab02-f105adf0fc52,82bf2099-8963-4b46-a9ce-852cde43f0c2,23202961.783874985,23202982.276408006,23202995.297416937,5883,200,20.492533020675182,13.021008931100368,0
97279ed2-f8a5-4d4c-9416-a124a431781f,b058b061-f630-414e-bc3a-3f9c744fbbd3,23202962.117759667,23202982.801986624,23202995.787866313,3333,200,20.68422695621848,12.985879689455032,0
8814d3ea-ef67-4de9-9887-db2b3d37933b,38defcf8-4874-4667-b869-f6cc4ac94a6f,23202961.950735476,23202982.88591756,23202995.873232216,5880,200,20.935182083398104,12.987314656376839,0
8024d9db-b231-4149-86ad-cadd17536f12,b4ecfe3d-ea7e-4840-8171-44143948e310,23202962.28630724,23202982.960126683,23202995.96166185,983,200,20.673819441348314,13.001535166054964,0
f9b5944b-8e9e-4a02-b883-626e54b97a97,ed25f364-78d4-49b8-b239-2cc892b85db5,23202962.453945745,23202983.806107942,23202996.818742,5695,200,21.352162197232246,13.012634057551622,0
02eb7145-3d59-46a6-b931-991fb8bef61b,c5dd9814-0ed7-4bca-8aa3-eeb54c17abba,23202962.626849823,23202984.26223219,23202997.12109602,5927,200,21.635382369160652,12.858863826841116,0
96ba9737-cabd-4a55-87af-ceb8d512aeba,0df07d22-2a5f-49de-be64-fa38f7c92808,23202962.795318455,23202984.88266155,23202997.529637877,6353,200,22.087343096733093,12.646976325660944,0
b9287f03-c2d7-43c9-82ea-f4fc6d45b688,ce4f1786-07bc-40d3-ac55-b83a3c866b6d,23202962.963186674,23202984.96114235,23202997.61190125,3607,200,21.997955676168203,12.650758899748325,0
827188c3-ba3c-4b60-9010-4c6b9ea8f02c,0065266f-1747-4f9d-90c9-7ce303eb7935,23202963.136111632,23202985.044778608,23202997.701203737,1226,200,21.908666975796223,12.656425129622221,0
1372b636-d88a-4c70-8b9e-65569ede8b2c,b4e56a09-ba29-4463-a697-110aa47eb6f0,23202963.470331617,23202985.21865324,23202997.86607385,1321,200,21.748321622610092,12.64742061123252,0
f218e342-2590-4658-aae3-4d6e6aca3ec9,c4d21f17-de80-4b5f-8bae-958d0cd753c6,23202963.63716894,23202985.65679414,23202998.30346649,2436,200,22.019625198096037,12.64667235314846,0
757484b4-abde-4c58-9a7a-20669242fa7c,472b816e-4a7f-4aa0-9763-9ea5ef514217,23202963.30325428,23202985.9171164,23202998.57883424,5788,200,22.613862119615078,12.661717839539051,0
14821cab-5a52-42f9-9b2f-1ae05e8970af,0979485f-8781-4b23-ab65-98301bfb23fc,23202963.808171537,23202986.173608944,23202998.852276314,3097,200,22.365437407046556,12.67866737022996,0
13a2f563-9180-4d4c-8e01-ecc4985dc368,c4de8921-bbe6-40ae-bee3-eac074fa8c66,23202963.975021485,23202986.175619714,23202998.852327026,1636,200,22.20059822872281,12.676707312464714,0
92638fb3-2c3b-48d6-8049-176e0e172aa4,a792eac7-fd6e-48a3-8281-38e326548b7e,23202964.14217882,23202987.048233427,23202999.738437828,5766,200,22.906054608523846,12.6902044005692,0
575c2b26-fe51-443d-bfb1-957b96462fbc,d3b809c2-0c69-49a7-a15e-e1c7691e7b5f,23202964.30976268,23202987.230402995,23202999.90527608,5975,200,22.92064031586051,12.67487308382988,0
65835ffb-d005-4ecd-99b4-d3afb2ea2ae1,e408cc87-89be-4f10-9382-0b577d0df2e9,23202964.477405176,23202987.92863853,23203000.61968906,4971,200,23.451233353465796,12.69105052947998,0
dcaf1382-3c7d-4b2e-be94-d616580e60df,18407e8f-5c0b-4218-9ff0-64ed4936fceb,23202964.813492883,23202988.278824154,23203000.967376757,2213,200,23.46533127129078,12.688552603125572,0
5949c6f5-fe14-438a-99c5-d8e7d3aaac7b,82281d78-2712-4b26-9e0c-50b1aafd07d0,23202964.64598811,23202988.281723812,23203000.96765413,5891,200,23.63573570176959,12.68593031913042,0
a088f1b7-1c66-4a54-bb31-e0a466e24a0d,6fa82ca3-6cb1-4c83-a940-991e5cacc196,23202964.980480824,23202988.40874205,23203001.13918088,1579,200,23.42826122790575,12.730438828468323,0
b34fb413-26b0-4c1a-857b-4380f0c139d4,66af2672-061c-47c9-b996-ec961600e184,23202965.147833433,23202991.276988808,23203004.918918397,4568,200,26.12915537506342,13.64192958921194,0
e338478c-3ceb-4f89-885f-91491481e8d7,b4eb29bc-bb1a-446a-b2f5-d5181e7c8935,23202965.314667933,23202992.12022409,23203005.468407333,5789,200,26.805556155741215,13.348183244466782,0
109ed006-6c65-43f2-bb29-1ecc0f313781,215f5217-ce88-4ad3-8ac2-6bbc15dffaec,23202965.482501674,23202992.39367021,23203005.708263945,4463,200,26.911168534308672,13.314593736082315,0
863d4e55-f729-4c1a-ab0e-2b5b5022369e,91e1707e-abd9-41f3-b74f-a1c00341801a,23202965.649495535,23202993.184017465,23203006.44004485,5853,200,27.53452192991972,13.25602738559246,0
f5c4a32c-c14e-46b1-bcad-bc1bf4d7f341,e33505bc-9e19-481b-8cdf-d410cf4ffcfc,23202965.816851962,23202993.45343467,23203006.672149062,5876,200,27.63658270612359,13.218714393675327,0
5dc40a0c-66af-45dc-a10e-0ddaa6a1c8df,f675bab4-b088-4d64-836f-b9413b70a80e,23202965.983885594,23202993.60736934,23203006.840925235,2847,200,27.62348374724388,13.233555894345045,0
3dd93b25-977a-48fa-bc89-5a751cf44170,8e7c8e22-c64e-443b-9887-51274e372c7e,23202966.15136709,23202994.3971611,23203007.653385032,5851,200,28.245794009417295,13.256223931908607,0
f2935975-8c6a-4b65-b077-49784091be42,38007d81-b18b-483c-98ee-16c08f8e806f,23202966.318631772,23202994.7536472,23203008.000108406,5660,200,28.43501542881131,13.24646120518446,0
76f413f3-1cd4-4ecf-8e38-3dd14106afc9,71169d65-3c23-4552-b7d0-5f85205c8025,23202966.653033845,23202995.209709145,23203008.464320898,3189,200,28.556675300002098,13.254611752927303,0
122407f6-7ccc-43ca-9e49-7e5494e1b5d6,24b1a877-6666-4772-9e00-83ec3822c2a6,23202966.820636787,23202995.29231737,23203008.554694403,522,200,28.471680585294962,13.26237703114748,0
83654bc2-92df-459d-a646-4e9101833658,2a3527f4-11b6-4015-839e-8ddf8c8467bd,23202966.486045327,23202995.478696343,23203008.7388028,5937,200,28.992651015520096,13.260106459259987,0
a2ed008d-bee6-4fc4-9bee-7ab7f39a688e,04681de6-75bd-4c63-b5ab-43a5d470ca0c,23202966.98833616,23202995.479253728,23203008.73930616,1196,200,28.490917567163706,13.260052431374788,0
dfbda13f-9e31-4641-a1a7-dbde9e00182c,773506ea-e614-4f46-b1a5-873ac250789e,23202967.15515264,23202996.228636,23203009.51381701,5175,200,29.073483359068632,13.285181008279324,0
07b7b408-6010-4dd3-9a3e-63b13220eea3,f0881b42-1dd6-41dc-8b0b-3e84646fce0e,23202967.32264467,23202996.404499162,23203009.690186605,3257,200,29.08185449242592,13.285687442868948,0
5eec494e-b2f7-4e26-beb7-98531ef685a6,136f58ab-10f5-470b-a085-698f1fbbcb31,23202967.65668966,23202996.732819997,23203010.03672853,2433,200,29.076130338013172,13.303908534348011,0
3a6b4c32-f19c-47c5-927a-74e6c49b599e,03f6e4b7-05b8-4de0-b0cf-09c09b9262e4,23202967.489635687,23202996.96983382,23203010.299346864,4492,200,29.48019813373685,13.329513043165207,0
bd7fc728-328c-43af-be5a-b6eacc9ebe07,d56bca95-eff4-4a7e-a232-507ae9da7cee,23202967.823474538,23202997.08825871,23203010.476181317,1947,200,29.264784172177315,13.38792260736227,0
dabd98c5-1806-474a-8ca7-ee7d891fd8fa,52581112-f292-452b-a5d5-571cd7432095,23202967.99106928,23202997.46759821,23203011.020084452,2438,200,29.47652893140912,13.5524862408638,0
da64fcbe-34b4-4066-bc73-5291308c5e41,28b56f0e-bc49-4f2e-814c-9968e4092e8a,23202968.15784202,23202997.949251547,23203011.644266758,2530,200,29.79140952602029,13.695015210658312,0
925b3602-c02a-4d41-b0ec-106112f1eac3,8c9c10af-c2aa-4fb9-b905-1acf6ee21b37,23202968.32489166,23202998.667088334,23203012.313303005,5885,200,30.34219667315483,13.646214671432972,0
70d9f667-5286-41dc-b25a-0e4f95e8e229,62c7fd81-1220-437d-80df-57519358dcbe,23202968.492407497,23202998.75016523,23203012.40120354,4502,200,30.257757734507322,13.65103830769658,0
61e5fa96-eb8e-4c6a-9dad-59440483befe,a54ac1f8-770a-4f40-a623-a99c2828c31a,23202968.828282285,23202999.73635851,23203013.31795571,5738,200,30.908076222985983,13.581597201526165,0
a4928357-406f-4649-adaf-d4509da57587,360d3753-04b4-4c91-a9e9-eb2f93647f77,23202968.660034455,23202999.73766981,23203013.317992937,6327,200,31.07763535529375,13.580323126167059,0
1413014a-e4e0-4fa6-84c1-1d7e38022e7a,dc1ed95a-fa4c-45f3-9351-163eecfdbb3c,23202968.995223425,23203000.70934998,23203014.22052708,5899,200,31.71412655338645,13.511177100241184,0
a8ac0cec-4652-4428-b54b-9beb23074b25,534a35e0-8f29-4ace-880f-de8b1203a1de,23202969.16213713,23203000.79143502,23203014.290492505,5810,200,31.629297889769077,13.499057486653328,0
7a5cb3f7-a9f8-4a9b-8ad6-7b096ed7b22b,0cdd90c5-b205-4994-bbe7-f810dbc709ae,23202969.329300784,23203000.965164907,23203014.467546362,1962,200,31.63586412370205,13.502381455153227,0
e7ad2f80-10f1-4f55-b6c1-a9f46cede85e,fee06381-d21d-449a-8b31-160893065065,23202969.663457897,23203001.135685697,23203014.641653918,1085,200,31.472227800637484,13.50596822053194,0
4f8c212b-364f-45f7-a25b-fd94be2e8654,76aaffb5-ccc5-41ba-8d0c-e9662e839aa5,23202969.496482376,23203001.77438063,23203015.26113639,5882,200,32.277898255735636,13.486755758523941,0
bde48ca0-ffab-49fd-bfb6-85b8d93cf825,51a6d074-d1fa-4325-9b66-6e5be87779cb,23202969.83086641,23203002.216239393,23203015.72564099,5982,200,32.3853729814291,13.509401597082615,0
d82e35a6-bb45-46b3-bbe3-e22e77b4ea67,5923cc09-031d-411b-a451-392ec104117e,23202969.99847535,23203002.383763906,23203015.893081285,3257,200,32.385288555175066,13.509317379444838,0
109c545c-94cd-4da5-8308-3d5fd49ce4da,6eeed46e-1b25-460f-9af8-67fa2a8e747c,23202970.333653834,23203002.81212612,23203016.331016287,2692,200,32.47847228497267,13.518890168517828,0
cbae9b4f-5aa1-4f72-a1e5-324b72e25b99,b2228599-cdd4-49c3-9f28-b06093d93e88,23202970.166275557,23203003.110946406,23203016.696461603,5991,200,32.94467084854841,13.585515197366476,0
835da09b-509d-4fbd-9bf6-afc82854776c,30985ee0-88de-4197-853d-e169dd723dea,23202970.500669695,23203005.34016407,23203018.967862714,2804,200,34.83949437364936,13.62769864499569,0
a3cdd4ab-1a71-44c6-86b6-95ff7c8dfabe,18cd0877-26f2-4182-85c4-a91934f1078f,23202970.66822642,23203006.244364668,23203019.865880847,4582,200,35.576138246804476,13.621516179293394,0
0a5251f0-b626-4592-92a3-f2f375b10a02,9bb01804-9bd5-41eb-bb23-8e06bba9d82f,23202970.835677058,23203006.40466171,23203020.02134423,4130,200,35.568984653800726,13.616682518273592,0
9722c12f-1d54-4d2a-8dff-0ac6473b151d,90ea2760-4a9a-42e5-858f-2e5fe3b1a1e9,23202971.003837623,23203007.380626883,23203020.648500744,5509,200,36.37678926065564,13.267873860895634,0
48282dbd-8927-4cb5-a734-8c4e273a68e6,2441dcba-6402-4010-bc7b-3eac231f2fd0,23202971.171231672,23203007.738648776,23203020.955751866,5707,200,36.5674171037972,13.217103090137243,0
28f2d006-e67e-452f-9db2-1c1ce536da84,301af8b9-2c24-4fbc-ba8a-bc95eb4ee63c,23202971.33822012,23203008.375090674,23203021.53777181,5914,200,37.036870554089546,13.162681136280298,0
08128121-6b27-4132-936e-39edca8df02d,fca7e432-b570-4f8d-8958-cf26723ad5ef,23202971.506052397,23203008.821615666,23203021.80863353,6115,200,37.31556326895952,12.98701786249876,0
b4898282-3d5e-4e34-91b8-92a42222d999,5ef30a1c-405d-4841-9688-f291c1540178,23202971.67332925,23203008.99859424,23203021.958170664,3576,200,37.32526499032974,12.959576424211264,0
7fceb004-b5a5-4da0-abb5-7e2f00c8a2e0,1e89f4e8-f9c5-4f52-ab82-4e96ffa7a5c0,23202972.011223983,23203009.255754445,23203022.211282663,1439,200,37.24453046172857,12.95552821829915,0
e14b1d84-189a-491d-823e-081de8f27a22,1e2e5243-0880-4679-b00f-f27d73d205dd,23202971.84106057,23203009.25861722,23203022.211603448,2760,200,37.41755664721131,12.952986229211092,0
d1efb6dd-7e11-46ac-ad93-e609ca806170,27781cf8-125e-4859-a622-73cb7be3abd3,23202972.17956512,23203009.776065007,23203022.738304988,3725,200,37.596499886363745,12.962239980697632,0
531eaea1-c647-4e46-be2c-92dc5c932219,5a23d7dd-e85e-4210-b5fe-819cd6ab76bc,23202972.34684316,23203009.94833059,23203022.9121494,3694,200,37.601487427949905,12.963818810880184,0
f2f1bb0d-475e-4e7f-be9b-5c5766a7f2d2,3ff1f72b-959a-4cf4-890a-cd2e08ceca2e,23202972.515664533,23203010.20798977,23203023.17371137,2390,200,37.69232523813844,12.965721599757671,0
43f7f451-6692-44f3-bb70-20a4ed066e61,7d1bbd45-ab54-496b-8555-37536f35c8c4,23202972.683267195,23203010.930636205,23203023.87500332,5868,200,38.24736901000142,12.944367114454508,0
a4cef9e7-4717-4bdd-9085-5cc9eeebd9f3,fee108ad-2f94-48b8-a0a9-b268bb0e3d5d,23202972.850943092,23203011.287575237,23203024.23079995,6008,200,38.4366321451962,12.943224713206291,0
ac25659d-cac1-4d39-92df-dbb33cd198a0,ed7bc0e1-45c2-4f86-9d73-0ea8065fbbe5,23202973.1861867,23203011.375162404,23203024.320067156,570,200,38.18897570297122,12.944904752075672,0
0131babd-b67e-4427-a3cc-39065bcadf20,97ea1419-e479-4370-8192-3dc07673d7a5,23202973.018556453,23203011.92142957,23203024.8369732,5887,200,38.9028731174767,12.915543630719185,0
a754bc35-4b9c-496e-9bed-ba04252e6224,3f3505c9-32be-477b-90a6-4fd5461c2c28,23202973.35355451,23203011.998398278,23203024.920768086,3542,200,38.64484376832843,12.922369807958603,0
e813264b-99af-4d67-8cce-a8c6f1f78708,c6a63f41-5029-43c4-87d0-b0ccdb16d86a,23202973.520562287,23203012.483462144,23203025.459087156,3346,200,38.96289985626936,12.97562501206994,0
d381ab46-82de-4e72-81e2-527cc4b157e2,95fec9cc-d258-491e-ab60-ceb017c39ca2,23202973.85493648,23203012.929310977,23203025.887223225,3037,200,39.0743744969368,12.957912247627974,0
8cdb4955-8757-4402-9cf4-3c814af1735f,85b8bc86-5797-4ced-b82c-7e959e24eb38,23202973.68752549,23203013.314261504,23203026.324298996,5981,200,39.626736015081406,13.010037492960691,0
e74aa635-29cc-45e8-9266-9fb78884d0af,7013a651-0c1f-44e4-8171-82a370690c2c,23202974.189505484,23203013.737210933,23203026.75511551,2401,200,39.547705449163914,13.017904575914145,0
f9412537-62b8-4ee2-9522-a516afadd0ab,26c84ca6-25aa-43f4-ad4b-4a293a059204,23202974.022395834,23203014.288511187,23203027.356157947,5891,200,40.266115352511406,13.067646760493517,0
96efa309-e3c0-4b20-bca7-c2eb36b9c17c,7c31aab1-2624-4aa6-983c-097a36954d29,23202974.356433295,23203014.390097205,23203027.443192165,984,200,40.03366390988231,13.05309496074915,0
859a1d49-0427-4b4d-b8e4-5b7c3ee08adc,4a9cb81c-521a-40be-b985-b2de05444cda,23202974.52337127,23203014.556308303,23203027.620177094,1360,200,40.03293703123927,13.063868790864944,0
42fffed9-c901-4722-bc2d-dad6aecf2701,b028c308-92b9-4f79-8da7-cee60fe7f381,23202974.69049637,23203015.353863873,23203028.386649057,5193,200,40.66336750239134,13.032785184681416,0
d4e1ee75-ae53-43fb-983d-f729cb6791b4,812c4c73-022f-4c21-95af-86f75818eff3,23202974.85864064,23203015.723705694,23203028.730796043,6008,200,40.865065053105354,13.007090348750353,0
94154401-1a2a-4796-a245-934aff82b829,8cffa0d9-55f9-437a-b77b-ffc413be405c,23202975.025618862,23203015.892951082,23203028.90124981,3196,200,40.867332220077515,13.008298728615046,0
17f9c32d-69f2-4cdc-bf31-dc5632e73080,80ed6f20-63ec-4853-b348-30a635bf13bb,23202975.194745988,23203016.786480516,23203029.436110232,5849,200,41.591734528541565,12.649629715830088,0
bc73066e-0dee-48e8-b311-7ec3e823594d,27faeb6b-794a-4177-89c7-a2fcf00c8117,23202975.36181752,23203016.96130765,23203029.586935326,5920,200,41.599490128457546,12.625627677887678,0
f208a2bf-e4a0-4781-b4f9-05d28eb15fc6,1e96b6f9-0b71-4746-b878-5127db18aa13,23202975.529176764,23203017.122401174,23203029.740492295,2031,200,41.59322440996766,12.618091121315956,0
83fc0189-5d74-42a2-8642-796446a7d015,55680d87-c737-4338-a7ed-32fbfacb0220,23202975.696653552,23203017.183166858,23203029.82107058,1569,200,41.486513305455446,12.637903723865747,0
fd451339-1db0-44c6-acb9-0f0feb62fa5e,23e2c908-32c1-4f22-82a5-ff4dfb582313,23202975.86439928,23203019.80109908,23203032.732756224,5759,200,43.93669980019331,12.931657142937183,0
c50d9aad-915b-421b-b584-9d6524bb24e6,f6db70d4-5734-4d6e-a10c-d5f8a4227f98,23202976.033898372,23203020.427904513,23203033.427731182,3461,200,44.39400614053011,12.999826669692993,0
abe52ee5-4996-4c65-b189-500bd3df4030,151ec549-2bd4-4f95-a865-f5ae4455b148,23202976.200868044,23203020.428487007,23203033.428093173,2303,200,44.22761896252632,12.999606166034937,0
7821505a-cb52-4ef4-9ac8-9d8cd7234bad,a1dee494-9a02-4369-9dae-e15b964b1c51,23202976.53586761,23203021.371029485,23203034.52905894,2436,200,44.83516187593341,13.158029455691576,0
2df1f846-62a8-4b3d-93c3-f3fc1e2fa984,5d1faf6d-abd7-4c1b-8052-a0d168b4d7ed,23202976.368969236,23203021.61211068,23203034.75774912,5822,200,45.2431414462626,13.145638439804316,0
5f0a1646-4f65-4a5d-9d2c-e036692fe8c5,525b5d06-1421-4206-b748-4a322726c2fa,23202976.70935279,23203021.7447939,23203034.927801218,1675,200,45.03544110804796,13.183007318526506,0
251c4582-98bf-435e-a42b-86c8fa6b1b73,ccfb06ff-e47e-4fea-a48a-3a4d78ead0be,23202977.04590347,23203022.37786002,23203035.452722527,2412,200,45.331956550478935,13.074862506240606,0
71f7d459-ae73-4881-9107-a793caa2fe72,b643045f-32b4-4b08-aad0-e75c2443fc4b,23202976.878393874,23203022.81933697,23203035.844398294,5882,200,45.94094309583306,13.025061324238777,0
dfe6c3ad-8d70-4ddb-ad4c-15372efc2a38,edd71aeb-d9ee-437a-b905-37a2701b974b,23202977.381351218,23203023.26496211,23203036.250220846,3017,200,45.883610893040895,12.985258735716343,0
5868ac92-792c-4d41-860c-b2f7b3385810,09b88e3b-b683-4d10-93b8-ef282653dced,23202977.213738,23203023.439780395,23203036.424103417,6358,200,46.22604239732027,12.984323021024466,0
b62e8687-c93a-41a1-bb5f-436f981e4f6a,30eeb934-0872-4ef6-8cbc-fc5d725a7790,23202977.716075853,23203023.960133,23203036.939289033,3001,200,46.24405714869499,12.979156032204628,0
9e97d203-4b34-4432-a05e-640a42d40dfe,11e38222-2148-47cc-a337-9612e167d405,23202977.548700612,23203024.316399552,23203037.27155315,5942,200,46.76769893988967,12.955153599381447,0
da9d6b79-edc5-413d-9b34-98a3e0fe615d,dde97cda-5d07-4e43-baa2-1bf3cdb74b8f,23202978.05184708,23203024.577899527,23203037.526733182,1583,200,46.52605244517326,12.948833655565977,0
c5a38dd9-312e-41ef-9446-7237bf9b45a7,fdc57ad2-23f7-4fee-b321-5d2fd4942ed1,23202977.883786786,23203024.66384718,23203037.61464381,4091,200,46.78006039187312,12.950796630233526,0
1e898548-c814-4dbf-9669-37118d0fe834,b6f9d072-712f-47ac-aa0d-7555bb7e79c2,23202978.219165254,23203025.546664573,23203038.47973934,5726,200,47.32749931886792,12.93307476490736,0
e11125a8-7fb9-4518-bf12-0ff636fd81e3,bb8aec3e-3e34-44a6-88e5-df50bf8455e1,23202978.386229083,23203025.62737156,23203038.572776765,5311,200,47.241142477840185,12.945405203849077,0
6f925588-c9a8-4799-8647-d36721150e31,67c7e7a9-bf25-45e8-8e75-276c97c3e68c,23202978.55472451,23203025.96798905,23203038.91410874,2790,200,47.41326453909278,12.94611968845129,0
94bd2c56-05b3-48be-a045-309d7855e71a,4dc0cc97-9ef2-452c-944e-664475aac194,23202978.894153807,23203026.40480271,23203039.352140382,2697,200,47.510648902505636,12.947337672114372,0
86633e1d-679e-477e-b482-4eb1a458af34,55f9ce45-ab48-4c09-8f0b-fcc811fb2a14,23202978.722842343,23203026.581841446,23203039.532558706,5889,200,47.858999103307724,12.950717259198427,0
23a9e229-3f1d-472a-a9bd-a518b2120827,8cb490f1-55d9-464b-8416-2a356befb17d,23202979.233035713,23203027.01747934,23203039.971969556,2722,200,47.784443628042936,12.954490214586258,0
36d3e87f-70ee-4cdc-ad8f-c62e30312b6d,caa573f8-cfc5-4337-84da-70affa06e632,23202979.065787688,23203027.196195733,23203040.15003718,4976,200,48.13040804490447,12.9538414478302,0
919f60bd-f4d3-4fb8-9d08-ba3746c0f1a9,5790aba7-7fd7-4e02-bee5-117c666dd02a,23202979.40034307,23203027.982689403,23203040.932391338,5858,200,48.582346331328154,12.949701935052872,0
8c08e943-63c6-485b-832a-7ae97fb396cd,0c8045d0-d540-49d1-abb0-ccd29e11aa34,23202979.73467821,23203028.07249807,23203041.02774838,562,200,48.33781985938549,12.955250311642885,0
ab3eb31a-e1d2-42b3-965e-85ce0d2acc5a,dded1f0a-9382-40ca-84ce-5d67feee9cc2,23202979.567315713,23203028.149318423,23203041.117989905,4137,200,48.58200271055102,12.96867148205638,0
d772e840-b697-408c-b2e5-968ce4740d7b,ab1911dc-8aed-470e-80ec-03f17100ad14,23202979.90333427,23203028.64617233,23203041.6355541,3931,200,48.74283805862069,12.989381771534681,0
8498860d-e474-4a4c-90b1-84239af0002a,348a1417-0ae4-429c-a24d-3538dbcd9a4a,23202980.23827821,23203029.173532702,23203042.14786088,2659,200,48.935254491865635,12.974328178912401,0
571ca708-8870-45d7-abf2-ddea70330145,e653d30f-3a0d-4971-9672-dfc22adf0402,23202980.070263118,23203029.24276338,23203042.2348,4853,200,49.172500263899565,12.992036618292332,0
172af4be-d377-4bd2-b016-24f7e3124226,9b78af3e-2267-4869-9136-87ba6e66325d,23202980.405545432,23203029.28532167,23203042.32332835,835,200,48.87977623939514,13.03800667822361,0
add4d45f-2f18-409e-8f1c-9a4621a425fb,cd066ded-6bcf-4110-972e-4e535118fca8,23202980.572683096,23203029.657221705,23203043.01747641,1428,200,49.084538608789444,13.36025470495224,0
27f9c3dc-6dec-479c-b7fa-c0694df55ef6,dfd8b9d6-24c3-4484-a4e8-f7c3ad5cf2c0,23202980.90753233,23203030.167147838,23203043.536834702,2397,200,49.25961550697684,13.369686864316463,0
9855611d-1c56-425a-94dc-a886619e00a3,b5113c40-0af7-426d-b3f8-be0b119d2e72,23202980.740124337,23203030.34787404,23203043.687584,4425,200,49.607749704271555,13.339709959924221,0
39775501-5308-48ab-a648-b6fe24b6157e,1707c4f6-2e8a-423b-a521-7fb23eae313b,23202981.07451782,23203031.04155421,23203044.33102383,5826,200,49.96703638881445,13.289469622075558,0
50cfc5f8-664d-43f8-ae1e-dc56a7cf0122,2ef21db7-5580-4f73-81f0-51cdb6665826,23202981.242174033,23203033.690366928,23203046.42829267,5918,200,52.44819289445877,12.737925741821527,0
3efc366d-4dae-4b76-87c3-edc0c62cfb4e,57847851-f9b5-41c7-a2ae-c1c6ada1ae9d,23202981.58035309,23203034.02473567,23203046.73218082,2291,200,52.44438258185983,12.70744514837861,0
c44cb9db-fd62-4f3e-b033-90c32440b67f,7b44f35d-0aa6-47b7-915a-e7c947579bf5,23202981.409294184,23203034.403759703,23203047.17007933,6034,200,52.9944655187428,12.766319628804922,0
4bbd6988-3dc2-4695-834b-b85cd691f43b,f460abd0-c539-4eab-948b-76f40c4ae614,23202981.916093867,23203034.84128751,23203047.792003274,623,200,52.92519364133477,12.950715765357018,0
e664f179-9477-4916-b814-8b710bc4d8c6,948b2f5b-46a9-4ef7-8544-4552ad8baa5e,23202981.74791999,23203035.08522954,23203048.020505127,3304,200,53.337309546768665,12.935275588184595,0
ec222945-367f-4bea-91b3-39c271574d70,83129fa2-6b8c-4ded-a7ce-19fc61b851ed,23202982.083933536,23203035.35942629,23203048.353602566,3325,200,53.27549275383353,12.994176276028156,0
02027940-c722-42a0-8020-0e552425d20d,911c55e1-3081-473f-833e-b743762e3ffd,23202982.25081514,23203035.94076112,23203049.152874596,3184,200,53.68994598090649,13.212113477289677,0
b0526a62-0eea-4939-8ed3-0ab8f8f34364,ff889e56-e341-439b-afc5-4226a75c45c1,23202982.418675434,23203036.689703602,23203049.79905586,4913,200,54.27102816849947,13.109352257102728,0
af23e751-08ed-4d7b-b726-962e4577a7f8,54892e9e-c204-4b5b-9959-0e33310a2b96,23202982.585857335,23203036.78259954,23203049.874503832,2895,200,54.196742203086615,13.091904293745756,0
27b591d6-4401-433d-bb66-18d8d540c9ce,55fb3f4f-7e26-4ced-8127-e4f5bbbdef29,23202982.752783295,23203037.10739176,23203050.198232334,2995,200,54.354608464986086,13.090840574353933,0
4aae5675-0f50-4f02-a081-1664e6a2b2da,ca020801-2147-4d51-be1e-7a39b9b803f8,23202982.91967542,23203037.88141559,23203050.977405585,5271,200,54.96174016967416,13.095989994704723,0
08eb49c4-4cba-448d-ad0a-65a30cb2fc60,4636250a-6e74-4b39-bf72-3309eb67b316,23202983.08722573,23203037.967793044,23203051.06469618,3789,200,54.8805673122406,13.096903137862682,0
718e46cf-1c8e-40b0-8341-9485dfda6f50,d4d7b23d-f88f-4505-a211-c8abcbd8cf87,23202983.254167926,23203038.474078268,23203051.58344667,3873,200,55.219910342246294,13.109368402510881,0
ea1a64b3-13a9-472f-aa3c-f2a339f3b2ea,72e25b27-bab7-4bb4-85b0-5fa42e5d4f4a,23202983.421284392,23203038.567095023,23203051.668428645,3679,200,55.14581063017249,13.101333621889353,0
cd14f9ad-af19-43d1-b3b3-4bf87c38d024,8074ed72-b948-4e36-af56-babdc29238bf,23202983.588616744,23203039.173137847,23203052.27581084,4116,200,55.58452110365033,13.10267299413681,0
9ca3ee9f-155c-4a26-a363-717f1af7ff2a,3325e8cc-423e-4a61-9a39-3f9489e8c0c0,23202983.755664095,23203039.61423411,23203052.68481563,5810,200,55.858570013195276,13.070581521838903,0
c90d96ba-6f02-41ca-ae61-0822acabeabc,7793e8ac-a41f-438a-972d-eacacc2c5d5f,23202984.09031702,23203040.14628979,23203053.000137612,3351,200,56.05597276985645,12.853847824037075,0
c0672540-4a55-4718-985a-ffb33193fff9,9c8b7207-be6e-4399-bd98-ec50cb84dc30,23202983.923304692,23203040.23989627,23203053.083411403,6180,200,56.31659157946706,12.843515131622553,0
09ceb50a-1563-4df2-89c5-ba6016840379,726ec394-217f-493f-a371-f9a056f1b31a,23202984.25764282,23203041.115512915,23203053.95712628,5790,200,56.85787009447813,12.841613363474607,0
47fa3e31-3ac1-48c8-988e-3b9b3fbffb75,df396ae5-4866-4b91-8d94-38f0c1357e5d,23202984.424961828,23203041.295114953,23203054.14723792,6017,200,56.87015312537551,12.852122966200113,0
7af9468e-3869-4ca0-adf5-1be3cee1d663,b2674da5-3967-41cb-81cc-4c8dff55c5f1,23202984.59374228,23203041.46385314,23203054.31043319,2208,200,56.87011085823178,12.846580050885677,0
7c5bd2ce-d931-43cc-beb5-f753c0964bc9,ee1cbd0f-c6b4-48d1-9776-9c8c03a59e7a,23202984.76122139,23203041.717305996,23203054.55871063,2390,200,56.95608460530639,12.841404635459185,0
ba371e6d-d879-4647-abd6-9ca216398b0a,db56d8f3-a2c4-4a59-86c3-a0e6d2cde114,23202985.09518017,23203041.883631736,23203054.698464077,1571,200,56.78845156729221,12.814832340925932,0
0ecdde98-2e28-4ad4-a0f0-7a74f727bf1f,082ab383-a41e-4908-ac7b-2fde15aba8d0,23202985.26224941,23203042.144810934,23203054.86456356,1648,200,56.8825615234673,12.719752624630928,0
c9e5beb6-b78b-431c-b126-f1db6dfe21be,88bb254b-cf73-4eaa-a208-1d41f8900e2d,23202984.928027764,23203042.49460043,23203054.98387096,5767,200,57.56657266616821,12.489270530641079,0
5f7a5549-8ab5-4224-a716-6ece4219c07b,746d67a9-99e0-4652-96e1-59b5576e1a1d,23202985.596687853,23203042.57905901,23203055.06142497,984,200,56.982371155172586,12.48236596211791,0
9c55b336-587f-4341-b7b8-0d6b5968edd9,dded2566-99ac-43f8-bebf-a3aecba57a4c,23202985.429469354,23203043.19597559,23203055.641510136,5879,200,57.76650623604655,12.44553454592824,0
bbff6347-3b6e-415e-92ab-4a0fa59ddf6e,b57fc151-9086-4a8e-88f9-261944423d54,23202985.764918745,23203043.37736343,23203055.815761387,4450,200,57.612444683909416,12.438397958874702,0
0ea2b9b2-e6ab-429f-83b3-6dc90a347300,9f87566c-5124-4349-8a66-30c2ca645ca7,23202985.93265091,23203043.68592557,23203056.145274956,3251,200,57.75327466055751,12.459349386394024,0
b8d5b208-7689-4242-a764-7ad419797cda,11085b5e-fb24-4a5c-a6a4-8629524f334d,23202986.100054856,23203044.097840965,23203056.583263077,3454,200,57.9977861084044,12.485422112047672,0
aff50e1e-99b3-4b31-bc27-7e4ec165916d,2ce56c8c-1efc-462c-83d1-ba51696ce365,23202986.267658107,23203044.296024602,23203056.839855663,3840,200,58.02836649492383,12.543831061571836,0
9a1a4245-e28f-4a81-9119-d15e7d1b6501,d5add78d-3937-4cc7-910e-e731fe1dd5d5,23202986.43490511,23203044.540134825,23203057.114982832,1533,200,58.10522971302271,12.574848007410765,0
de8fc440-10d4-47c1-96e6-48ebc0d37679,ecc65dbd-a1f6-447f-8f9c-99fb3f5bf536,23202986.6018439,23203047.440600835,23203059.408444695,5901,200,60.83875693380833,11.967843860387802,0
fd59d609-0b4f-413b-8b18-288d9e03faed,42981b41-18a8-48c8-aa96-664fb79809fc,23202986.93568489,23203047.616300475,23203059.54076473,1517,200,60.680615585297346,11.924464255571365,0
12415954-ce26-4f42-ac9f-12266f65e927,dfddf062-95cf-4ec4-b934-c13a5ec17f05,23202986.768882234,23203047.75571593,23203059.700957496,6001,200,60.986833695322275,11.945241566747427,0
70dae55a-512e-4a0e-a059-2fe9c1182ea2,21b02950-bde0-4b4f-83e4-8a158b6b0113,23202987.103296857,23203048.351945654,23203060.32253252,3291,200,61.248648796230555,11.970586866140366,0
bb890d4d-ebc6-408c-a88f-c0ad0fcce853,eb22b184-5a2e-488b-af0b-f2866d0cfbff,23202987.27051678,23203049.066818457,23203060.963853836,5992,200,61.79630167782307,11.897035378962755,0
c70ddedf-812a-4657-8f49-9f6cf5126122,3eb80d1c-a41d-4f78-9434-a0e3114e83ff,23202987.437900186,23203049.603170283,23203061.44656539,6884,200,62.16527009755373,11.843395106494427,0
5949e08a-acad-4455-9874-f6bfce572e9a,adfca48d-5975-4636-a88a-290d0a359ead,23202987.604749568,23203049.731708102,23203061.61116895,3426,200,62.12695853412151,11.879460848867893,0
89514a49-7f47-448a-94d5-cacd914db925,d93c7e54-ccbe-4e96-aaf7-022187ab3e94,23202987.7725118,23203050.120986056,23203062.124631424,1813,200,62.34847425669432,12.003645367920399,0
1eb8dd61-fbb6-46a8-9bce-03c3eddff26d,a8341988-84f8-4768-9aec-85083143f062,23202987.939763986,23203050.891161494,23203062.483233687,5975,200,62.9513975083828,11.592072192579508,0
eb2712d9-ad5e-4e46-8ff9-68171d58c51d,96e75bd4-1b46-4b17-ab0a-86a28e03ec87,23202988.106555942,23203051.236019574,23203062.789936475,5728,200,63.129463631659746,11.553916901350021,0
7e7c9e44-467f-4c1b-830c-6758a9ff0b59,9a9d2f58-3700-46b6-9b5b-ec473a9a7ad2,23202988.610263832,23203052.12073662,23203062.78998211,3004,190,63.510472789406776,10.66924548894167,0
5862e5b5-3d06-4fb3-a4db-bdddb9e15334,73fe9d62-4640-4920-8c8f-e199be6e0898,23202988.44250224,23203051.420159876,23203062.95660873,1300,200,62.97765763476491,11.53644885495305,0
c826f3a5-b36e-436f-8343-cff0bbac3b7a,b9f6ee07-2eaf-4c78-a45e-3332bc737148,23202988.273624536,23203052.02149074,23203063.56294083,5926,200,63.747866205871105,11.541450086981058,0
1fd5db76-7305-475c-8adc-5f67394824a4,5ef7f1cd-f4a3-48b6-9444-a24961ba10e2,23202988.944949824,23203052.353962082,23203063.918338537,630,200,63.409012258052826,11.564376454800367,0
08cfa7b0-f9e1-4d83-9488-b4467e93afb4,9b3b66eb-6d38-4bf8-be9b-f20800ca15bc,23202989.11202473,23203052.600739554,23203064.17740716,1405,200,63.48871482536197,11.576667606830597,0
306ec661-8e21-42fc-bebf-704d93a92f08,df4d53ea-f4d1-4bc3-9053-53af22b125b6,23202988.777747415,23203052.90250026,23203064.52726868,5949,200,64.12475284561515,11.624768421053886,0
020b083f-5fd3-4fa0-ac96-fc3f3ad0fb77,1700f850-73d9-4fa0-94c7-7292a52596df,23202989.27961402,23203053.955733415,23203065.693743974,5322,200,64.67611939460039,11.738010559231043,0
58bb05d2-c9fb-46b1-8c9a-a2d332da3fde,3c4dc535-a5b4-4a81-9165-cfe2f0d5b327,23202989.44645602,23203054.143655777,23203065.844016444,5850,200,64.69719975814223,11.700360666960478,0
41563a8f-2a03-46f0-bc1b-e0334a07a857,d5d23439-b1b6-4c86-a72c-26b052ad5e72,23202989.613840144,23203054.30841868,23203066.00960385,1884,200,64.69457853585482,11.701185170561075,0
e0587333-b699-4a25-8209-1138054e8a59,3d25d1d0-2992-49f4-84f4-2febb6ed63ef,23202989.78105373,23203054.40345122,23203066.093239147,1516,200,64.62239748984575,11.689787928014994,0
7130c68f-6636-4d9e-80f1-884b9dd3dd3c,9cda68e0-abb0-44fc-b6e9-d3fd4b46b5cd,23202989.948436935,23203054.629819885,23203066.351210877,1729,200,64.68138295039535,11.72139099240303,0
5989fdc0-f959-4a8e-95db-9d747dbee301,505e8929-3107-4b54-adb5-f75dcc876603,23202990.115590353,23203054.689318642,23203066.439993504,1022,200,64.57372828945518,11.750674862414598,0
1931bd32-8c6b-44ac-a167-c682c62d2508,ade2497e-2b81-4f38-80f3-3cda54fff80e,23202990.283050857,23203054.769174766,23203066.52874661,646,200,64.48612390831113,11.759571842849255,0
1a9077c9-ff4a-4817-a53b-e5ed5407dc88,841d267e-f4ab-4f15-87e0-a08d038a2fa8,23202990.450154457,23203054.832513444,23203066.614851955,515,200,64.38235898688436,11.782338511198759,0
690d1019-c120-4b5e-935b-0c0205c0e8bd,ca7d06f0-fc20-48a2-9af3-50e1be5421ca,23202990.61742925,23203055.558028642,23203067.666119933,3446,200,64.94059939309955,12.108091291040182,0
